Workbook

Sheet USA-Mart points
E3: POTENTIAL OUTCOMES
C4: Issue | D4: Points | E4: Status quo
C5: Location
C6: Northeastern cities | D6: =Points!B3 -> 100 | E6: 100
C7: Cities w/ large African and Caribbean pops. | D7: =Points!B4 -> 50
C8: All USA Mart locations | D8: =Points!B5 -> -50
C9: Inventory SLA (service level agreement)
C10: 99% SLA | D10: =Points!B7 -> 100
C11: 95% SLA | D11: =Points!B8 -> 0
C12: 90% SLA | D12: =Points!B9 -> -25
C13: No inventory SLA | D13: =Points!B10 -> -50 | E13: -50
C14: Product lines
C15: 3 best-selling refrigerated juices, int'l aisle | D15: =Points!B12 -> 100
C16: 6 refrigerated juices, all int'l aisle | D16: =Points!B13 -> 50 | E16: 50
C17: 6 refrigerated juices, split int'l and standard aisle | D17: =Points!B14 -> 40
C18: 3 refrigerated juices, int'l aisle | D18: =Points!B16 -> 10
C19: 3 refrigerated juices, standard aisle
C20: 3 non-refrigerated juices, int'l aisle
C21: 12 juices (all juice SKUs) | D21: =Points!B18 -> -200
C22: Spices and fruit products
C23: None | D23: =Points!B20 -> 0 | E23: 0
C24: 1+ | D24: =Points!B21 -> -30
C25: Warehouse
C26: Nigerian Juices uses the USA-Mart warehouse | D26: -25
C27: Nigerian Juices doesn’t use the USA-Mart warehouse | D27: 0 | E27: 0
C28: Contract length
C29: 5 year U.S. exclusive | D29: =Points!B28 -> 100
C30: 3 year U.S. exclusive | D30: =Points!B29 -> 50
C31: 1-year U.S. exclusive | D31: =Points!B30 -> 0
C32: No exclusive contract | D32: =Points!B31 -> -50 | E32: -50
E33: =SUM(E6:E32) -> 50 | F33: =SUM(F6:F32) -> 0 | G33: =SUM(G6:G32) -> 0 | H33: =SUM(H6:H32) -> 0 | I33: =SUM(I6:I32) -> 0 | J33: =SUM(J6:J32) -> 0 | K33: =SUM(K6:K32) -> 0
E34: TOTAL POINTS

Sheet Points
A1: Issue | B1: Points
A2: Location
A3: Northeastern cities | B3: 100 | C3: 3
A4: Cities w/ large African and Caribbean pops. | B4: 50 | C4: 4
A5: All USA Mart locations | B5: -50 | C5: 5
A6: Inventory SLA (service level agreement)
A7: 99% SLA | B7: 100 | C7: 7
A8: 95% SLA | B8: 0 | C8: 8
A9: 90% SLA | B9: -25 | C9: 9
A10: No Inventory SLA | B10: -50 | C10: 10
A11: Product lines
A12: 3 best-selling refrigerated juices, int'l aisle | B12: 100 | C12: 12
A13: 6 refrigerated juices, all int'l aisle | B13: 50 | C13: 13
A14: 6 refrigerated juices, split int'l and standard aisle | B14: 40 | C14: 14
A15: 3 refrigerated juices, int'l aisle
A16: 3 refrigerated juices, standard aisle | B16: 10 | C16: 16
A17: 3 non-refrigerated juices, int'l aisle
A18: 12 juices (all juice SKUs) | B18: -200 | C18: 18
A19: Spices and fruit products
A20: None | B20: 0 | C20: 20
A21: 1 | B21: -30 | C21: 21
A22: 2 | B22: -30 | C22: 22
A23: 3 | B23: -30 | C23: 23
A24: 4 | B24: -30 | C24: 24
A25: 5 | B25: -30 | C25: 25
A26: 6 | B26: -30 | C26: 26
A27: Contract length
A28: 5 year U.S. exclusive | B28: 100 | C28: 28
A29: 3 year U.S. exclusive | B29: 50 | C29: 29
A30: 1-year U.S. exclusive | B30: 0 | C30: 30
A31: No exclusive contract | B31: -50 | C31: 31
